quiz_id,name,site
SV_7O546zj6AmrR9Fb,SP_G25_Q3,math
SV_2g9phM6XUGuRL93,EE_G25_Q5,math
SV_0OLAl5zTkMyzXwN,EE_G25_Q1,math
SV_55BJ2hgZQEa3Ib3,GEN_G25_Q17,math
SV_cJcYvEzQZydIt6d,EE_G25_Q2,math
SV_4UZe15Cx3lVuf3L,GEN_G25_Q1,math
SV_bPfbXkymvD4f2Ml,EE_G25_Q3,math
SV_5iEK1u1OTcEbV4x,GEN_G25_Q13,math
SV_1NBSYJcFAjWoqsR,EE_G25_Q4,math
SV_0c5t7otCJQjO0x7,GEN_G25_Q46,math
SV_6VfTQmcoLSzXTOl,GEN_G25_Q10,math
SV_7UP95JRgiVabKgB,GEN_G25_Q14,math
SV_1EP1GOCquGWWXe5,GEN_G25_Q11,math
SV_0v98jdpUwLtwNb7,GEN_G25_Q18,math
SV_3P0YuBJ45tSCSYR,GEN_G25_Q12,math
SV_5nZUwbnuuM6vp4x,GEN_G25_Q15,math
SV_9Ge2Fq9ykNO44a9,GEN_G25_Q21,math
SV_82i2tpJrdBd39L7,GEN_G25_Q16,math
SV_6R5bOuSxlrFRU0Z,GEN_G25_Q25,math
SV_8Jvv8TZB0GCur1b,GEN_G25_Q19,math
SV_6xOi156jF64yQXr,GEN_G25_Q22,math
SV_2hJdkm5CXxZqBtH,GEN_G25_Q2,math
SV_38n8DJayoeZpXlr,GEN_G25_Q29,math
SV_3xRMEkwEU7qT2yp,GEN_G25_Q20,math
SV_bwtaIYZbPNLsCnb,GEN_G25_Q23,math
SV_0ADZfdgB7JsJ5Xf,GEN_G25_Q26,math
SV_3dvkACIRmQm97YF,GEN_G25_Q24,math
SV_9mcSvSBJ2XpX9kh,GEN_G25_Q32,math
SV_1HMmDb5ZXJ1SY61,GEN_G25_Q27,math
SV_3jGND0EK85dSlDv,GEN_G25_Q3,math
SV_eKYGmWSDrzTFqwR,GEN_G25_Q28,math
SV_0v2NRmOwMBnhVtP,GEN_G25_Q36,math
SV_38ex7js1WUzisdL,GEN_G25_Q30,math
SV_dbcdlHeNFlF9Zxb,GEN_G25_Q33,math
SV_5BHKbGcBFDSHFIN,GEN_G25_Q31,math
SV_25WsHAYO8ybqytT,GEN_G25_Q4,math
SV_7WGQnS03hWuOopD,GEN_G25_Q34,math
SV_9An3wUNOa2VjbkF,GEN_G25_Q37,math
SV_6zcqg5NnjY9ANPn,GEN_G25_Q35,math
SV_6VVTJB6wQnMNCKh,GEN_G25_Q43,math
SV_0eMYgLbL0OJ1L6J,GEN_G25_Q38,math
SV_80RQqiAiSCV9RqZ,GEN_G25_Q40,math
SV_bC5WfUgkpQLrT6Z,GEN_G25_Q39,math
SV_9SOmJg5lkQBuG5D,GEN_G25_Q52,math
SV_862jMhD342idJA1,GEN_G25_Q41,math
SV_bCKTyA8lzVehhI1,GEN_G25_Q44,math
SV_08KfI4eIlTdqaEJ,GEN_G25_Q42,math
SV_9GhaanE1anUY7PL,GEN_G25_Q47,math
SV_bIdRkAINmLWqsgB,GEN_G25_Q45,math
SV_cBiIhFINbek586V,GEN_G25_Q5,math
SV_37Mnw7E61uLVmqp,GEN_G25_Q9,math
SV_3UEDi1n0kUoY3jv,GEN_G25_Q48,math
SV_cI1XT15WfvcFG5L,GEN_G25_Q50,math
SV_2lPtKSLou9tJOAt,GEN_G25_Q49,math
SV_bkFoRJsCCbrdcQR,GEN_G25_Q53,math
SV_01Gd48cQu72XJAh,GEN_G25_Q51,math
SV_5B97hPpcgkxaZ93,GEN_G25_Q6,math
SV_9Kva9TRpavXWiBD,GEOM_G25_Q3,math
SV_5dr9MyZFvpcSPid,GEN_G25_Q54,math
SV_b43QTVfvC5q4e9v,GEN_G25_Q7,math
SV_00yfVlnSlV94VNj,GEN_G25_Q55,math
SV_1ZYwSKMbMI8mE3X,GEOM_G25_Q1,math
SV_czIITFJXppaUaIl,GEN_G25_Q8,math
SV_6FLZ2YWjCobUT2t,NS_G25_Q1,math
SV_0IfRsra9TCSqrEV,GEOM_G25_Q4,math
SV_72sFeUnoz4fU2wJ,GEOM_G25_Q2,math
SV_aibOS1av1G09wMd,Chicago Rcomp 5 1,reading
SV_3qPNHMhh7DkuRRb,NS_G25_Q2,math
SV_5tgt3k5yPfU7QPj,GEOM_G25_Q5,math
SV_cSyTHcxCVIxcQK1,NS_G25_Q5,math
SV_9YWLnSBS5vQhSPr,PRP_G25_Q3,math
SV_6Gvu6GceezVQUmx,NS_G25_Q3,math
SV_3CV6UYrjRsemwa9,PRP_G25_Q1,math
SV_3JWd07jAaNVdjU1,NS_G25_Q4,math
SV_a4dDjynoQ1Aruvz,SP_G25_Q1,math
SV_1AKO7PhRndXkR3D,PRP_G25_Q2,math
SV_9AWxwsmpw29gcbX,PRP_G25_Q4,math
SV_0H4nJQH8oDEQEIt,SP_G25_Q4,math
SV_3t93zC9L7HoW3MF,PRP_G25_Q5,math
SV_1UelX4G6vVlLnaB,SP_G25_Q2,math
SV_3ZPs6JzpnPRmgUl,Chicago Rcomp 6 1,reading
SV_79YUrDUNO9rxLWl,SP_G25_Q3,math
SV_4IOYPAN7wGujx9H,SP_G25_Q5,math
SV_eS3Uurlu4waGX8V,Chicago Rcomp 6 2,reading
SV_77cGRntFhOnofkx,Chicago Rcomp 5 2,reading
SV_2hnaMVxI75m5cAB,Chicago Rcomp 6 3,reading
SV_a4CeUfT8jnOtmkt,Chicago Rcomp 5 3,reading
SV_3KO9MFY2D7yUTdz,Chicago Rcomp 6 4,reading
SV_86SUeeeg9rExPKt,Chicago Rcomp 5 4,reading
SV_0e1ORsKZEMOD5AN,Chicago Rcomp 6 5,reading
SV_0v9iz4naF927Bs1,Chicago Rcomp 5 5,reading
SV_cUPSIgPcvkg3Qa1,Chicago Rcomp 6 6,reading
SV_eqBq0ye7I7GJEVv,Chicago Rcomp 8 3,reading
SV_8J59H3uYBVe0oVT,Chicago Rcomp 5 6,reading
SV_8kNBQtwZuuifpJP,Chicago Rcomp 7 2,reading
SV_6LkGBQxUtPs0uCp,Chicago Rcomp 6 7,reading
SV_5tkN3ywOPmLJnz7,Chicago Rcomp 7 12,reading
SV_9HVfNCHIT4Bm0PH,Chicago Rcomp 5 7,reading
SV_cvSGektIzTmZtQ1,Chicago Rcomp 8 4,reading
SV_9vIVNH6ijeHv3DL,Chicago Rcomp 6 8,reading
SV_eXq8Ihi8Zj0Gpa5,Chicago Rcomp 7 3,reading
SV_bJYHgDu7v8bNEP3,Chicago Rcomp 5 8,reading
SV_eKils0DLXG3CokJ,Chicago Rcomp 8 19,reading
SV_3IROnkxkF1ugh6J,Chicago Rcomp 6 9,reading
SV_2oeWkpd2gKC8GGN,Chicago Rcomp 8 5,reading
SV_1Ih0mUrrpSfg4ER,Chicago Rcomp 5 9,reading
SV_8rdQxROGdzqvVkx,Chicago Rcomp 8 13.5,reading
SV_d5p2DN9ladW4HEF,Chicago Rcomp 7 4.5,reading
SV_eDP5xFQX1PbtekJ,Chicago Rcomp 6 10.5,reading
SV_37TXDMcxJQmLT5H,Chicago Rcomp 5 10.5,reading
SV_5o31xHxcH59rVM9,Chicago Rcomp 8 6,reading
SV_cYmKUCajBCtBzlr,Chicago Rcomp 6 12,reading
SV_bKsHTk8Xo8iXuSh,Chicago Rcomp 7 6,reading
SV_dj4ojsHAZtD8iX3,Chicago Rcomp 5 12,reading
SV_4UYTRqPs1doj7A9,Chicago Rcomp 7 13,reading
SV_dao11NJmu6WRLVz,Chicago Rcomp 6 13,reading
SV_9Fv3uD0DLZQnng1,Chicago Rcomp 8 7,reading
SV_0MlP24L0sbjxBNH,Chicago Rcomp 5 13,reading
SV_2l9yE2YsNWaWTUF,Chicago Rcomp 7 7,reading
SV_6y5yAydc45Udn2l,Chicago Rcomp 6 14,reading
SV_cTjQ3KFYQPKwrmB,Chicago Rcomp 5 14,reading
SV_87l64RVCTCJrOjb,Chicago Rcomp 8 8,reading
SV_2cxhrqFsKtBsdk9,Chicago Rcomp 6 15.5,reading
SV_24EAHu4hGLaM6oZ,Chicago Rcomp 8 15,reading
SV_3K0RKlsCh38cNzD,Chicago Rcomp 7 8,reading
SV_3RhaZVmLY552xEh,Chicago Rcomp 5 15,reading
SV_0IZY9FDQAilGRMN,Chicago Rcomp 6 17,reading
SV_8GNgOgWiWrgVcR7,Chicago Rcomp 8 9,reading
SV_40YG2WE9mAThLdr,Chicago Rcomp 5 16,reading
SV_1YzGgBHu4MaJF2d,Chicago Rcomp 7 18,reading
SV_3qLnaIQJkPAlxK5,Chicago Rcomp 7 9,reading
SV_cYnpH9UkUw8T7iB,Chicago Rcomp 6 18,reading
SV_3xyMCEexFFLAKhv,Chicago Rcomp 7 14,reading
SV_9Z9KMyud0gtkREN,Chicago Rcomp 5 17.5,reading
SV_084I0vtYzXCZvgN,Chicago Rcomp 8 10,reading
SV_8HAZL84RrxilsdT,Chicago Rcomp 6 19,reading
SV_2siD92ASOpJnTgN,Chicago Rcomp 7 10,reading
SV_4JyqUJ3Kr6Fodql,Chicago Rcomp 5 19,reading
SV_bqHQz7kC6cxpa85,Chicago Rcomp 6 20,reading
SV_0AhXOoVam9n3xSl,Chicago Rcomp 8 11,reading
SV_blJrm3BdSHsQkq9,Chicago Rcomp 5 20,reading
SV_7U0rT4UPYBkpLlX,Chicago Rcomp 8 16,reading
SV_6L4HDuwFbAmN2Ad,Chicago Rcomp 7 11,reading
SV_02FBM6EBTDPWgXr,Chicago Rcomp 6 21.5,reading
SV_83d8t3IBI1vGNYp,Chicago Rcomp 5 21,reading
SV_aXyHPZ1TMensxU1,Chicago Rcomp 8 12,reading
SV_4UBrpf6bAsBxrnv,Chicago Rcomp 6 23,reading
SV_5najtTBoVkUtpvD,Chicago Rcomp 7 22,reading
SV_a3PSG8umAVcgA73,Chicago Rcomp 8 20,reading
SV_1GF9kjiXypWmNs9,Chicago Rcomp 5 22,reading
SV_6zfP4zvhjE8oyR7,Chicago Rcomp 7 15,reading
SV_5iiS5bTSRvS1Mot,Chicago Rcomp 8 1.5,reading
SV_6mb1rGPKOc6XJ4N,Chicago Rcomp 8 17,reading
SV_5BCaPNOe3tvj07X,Chicago Rcomp 7 1,reading
SV_8e6IiXQJvC2pY6F,Chicago Rcomp 7 16,reading
SV_bqkbvJ59EHnV1Yh,Chicago Rcomp 7 19,reading
SV_br882dhz2h7gt0x,Chicago Rcomp 8 18,reading
SV_3wpvswYa51XdY0d,Chicago Rcomp 7 17,reading
SV_byge9GGQWXeR5ch,Chicago Rcomp 8 21,reading
SV_0xpWejsSume00It,Chicago Rcomp 7 20,reading
SV_6DX0wgUvE0E9j9P,Chicago Rcomp 8 22,reading
