"type","group","category","title","path","subcat","image"
"tut",25,"ee","Equations 1","SV_37sp3GbqxgTApTf","Qualtrics","G3EEeqn1"
"tut",25,"ee","Equations 2","SV_3a3fFR6jWRWcavb","Qualtrics","G3EEeqn2"
"tut",25,"ee","Exponents 1","SV_5ptZ8raAcBc4Y5L","Qualtrics","G3EEexpon1"
"tut",25,"ee","Exponents 2","SV_78o2XhecCEyriy9","Qualtrics","G3EEexpon2"
"tut",25,"ee","Patterns 1","SV_4UYNTPySGCvfFXL","Qualtrics","G3EEpat1"
"tut",25,"ee","Properties 1","SV_25JWgqhXbORqmz3","Qualtrics","G3EEprop1"
"tut",25,"ee","Properties 2","SV_6E7i0NAVwbsxGQZ","Qualtrics","G3EEprop2"
"tut",25,"ee","Scientific Notation 1","SV_cCQ8nyeX0fD0JY9","Qualtrics","G3EEscinot1"
"tut",25,"ee","Scientific Notation 2","SV_01DR6yghHndppTT","Qualtrics","G3EEscinot2"
"tut",25,"ee","Scientific Notation 3","SV_6hthPnM3kLVSkv3","Qualtrics","G3EEscinot3"
"tut",25,"geom","Angles 1","SV_0IgwUt13ORZKVff","Qualtrics","G3GEOMangl1"
"tut",25,"geom","Angles 2","SV_38EJq5MC2ssHTgN","Qualtrics","G3GEOMangl2"
"tut",25,"geom","Coordinates 1","SV_1TvBZyspr4rI7Od","Qualtrics","G3GEOMcoord1"
"tut",25,"geom","Measurements 1","SV_0IIws0dZuxqcJ25","Qualtrics","G3GEOMmesur1"
"tut",25,"geom","Measurements 1","SV_exkDCnfPo91Rp8V","Qualtrics","G3GEOMmesur2"
"tut",25,"geom","Scale 1","SV_249dkdpHRGAOkIJ","Qualtrics","G3GEOMscal1"
"tut",25,"geom","Shapes 1","SV_aW3ShbqcJsBZLil","Qualtrics","G3GEOMshape1"
"tut",25,"ns","Absolute Value 1","SV_doudCBo3ChlbOYJ","Qualtrics","G3NSabsval1"
"tut",25,"ns","Absolute Value 2","SV_eeAfBB1IjXcH81L","Qualtrics","G3NSabsval2"
"tut",25,"ns","Equivalence 1","SV_0pMC0DJhNTCQxKd","Qualtrics","G3NSequiv1"
"tut",25,"ns","Irrational Numbers 1","SV_5C2qN2MU9RCaXnD","Qualtrics","G3NSirrat1"
"tut",25,"ns","Irrational Numbers 2","SV_eFB7TxhgipgCA2p","Qualtrics","G3NSirrat2"
"tut",25,"ns","Properties 1","SV_6XL5F7o3sWKqbVb","Qualtrics","G3NSprop1"
"tut",25,"pr","Functions 1","SV_eCCf5SE7eaQu1lH","Qualtrics","G3PRfunc1"
"tut",25,"pr","Functions 2","SV_bHIhNZnoUdUYyUZ","Qualtrics","G3PRfunc2"
"tut",25,"pr","Graphs 1","SV_cTLlAiFqxi0yyVf","Qualtrics","G3PRgraph1"
"tut",25,"pr","Ratios 1","SV_6mW3e6rjS87AJq5","Qualtrics","G3PRrat1"
"tut",25,"sp","Combinations 1","SV_3W5uVcrFQ6KEDm5","Qualtrics","G3SPcomb1"
"tut",25,"sp","Data 1","SV_3Ejo26R7rxkKaKp","Qualtrics","G3SPdata1"
"tut",25,"sp","Graphs 1","SV_42OCETzG0XxzmXr","Qualtrics","G3SPgraph1"
"tut",25,"sp","Probabilities 1","SV_38jeSixcttueMPH","Qualtrics","G3SPprob1"
"tut",25,"sp","Probabilities 2","SV_8hQfWjEykYMp4vb","Qualtrics","G3SPprob2"
"tut",25,"EE","Algebra 1","SV_bIcbCS8lodQQSRD","Qualtrics","G2EATalg1"
"tut",25,"EE","Algebra 2","SV_2sZMaujI45WXEr3","Qualtrics","G2EATalg2"
"tut",25,"EE","Functions 1","SV_6nhxP3tWyG6vcmF","Qualtrics","G2EATfunc1"
"tut",25,"EE","Variables 1","SV_eqYF8W38g37v1C5","Qualtrics","G2EATvar1"
"tut",25,"EE","Variables 2","SV_3FalgVGn1IGUmR7","Qualtrics","G2EATvar2"
"tut",25,"pr","Computation 1","SV_7an3gt2TitD6JoN","Qualtrics","G2FPRcomp1"
"tut",25,"pr","Computation 2","SV_73TCJbIkGU0DH9P","Qualtrics","G2FPRcomp2"
"tut",25,"pr","Ratios 1","SV_eWoXiAXmQd49A1L","Qualtrics","G2FPRrat1"
"tut",25,"pr","Ratios 2","SV_9oGPHNJeddVspM1","Qualtrics","G2FPRrat2"
"tut",25,"geom","2D Shapes 1","SV_bOv7ztqV5OBAuSp","Qualtrics","G2GEOM2d1"
"tut",25,"geom","2D Shapes 2","SV_dczS8xOaqQM80Dz","Qualtrics","G2GEOM2d2"
"tut",25,"geom","3D Shapes 1","SV_77f7nG0EU8LB7il","Qualtrics","G2GEOM3d1"
"tut",25,"geom","Angles 1","SV_d6yQttasAvmRCZv","Qualtrics","G2GEOMangl1"
"tut",25,"geom","Angles 2","SV_0MSeQoiq6xpFH01","Qualtrics","G2GEOMangl2"
"tut",25,"sp","Coordinates 1","SV_8omwTF4FVH4StRr","Qualtrics","G2MPcoord1"
"tut",25,"sp","Data 1","SV_cD5Y5utIWesnpWt","Qualtrics","G2MPdata1"
"tut",25,"sp","Data 2","SV_ai8YFbXQbm6SMst","Qualtrics","G2MPdata2"
"tut",25,"sp","Probability 1","SV_ezlYamFPoiviF4p","Qualtrics","G2MPprob1"
"tut",25,"ns","Computation 1","SV_0UL5kReaqMvQwct","Qualtrics","G2NScomp1"
"tut",25,"ns","Order 1","SV_4O2i17SeYBwONnL","Qualtrics","G2NSord1"
"tut",25,"ns","Placement 1","SV_6ifJL5xFM31vqrH","Qualtrics","G2NSplc1"
"tut",25,"ns","Prime Numbers 1","SV_bEn3V1XUuxmYocJ","Qualtrics","G2NSprime1"
"tut",25,"ns","Prime Numbers 2","SV_9B0u7S6v7YWKGMt","Qualtrics","G2NSprime2"
