q_id,q_name,q_group,q_catagory,site
SV_0OLAl5zTkMyzXwN,EE_G25_Q1,25,ee,math
SV_cJcYvEzQZydIt6d,EE_G25_Q2,25,ee,math
SV_bPfbXkymvD4f2Ml,EE_G25_Q3,25,ee,math
SV_1NBSYJcFAjWoqsR,EE_G25_Q4,25,ee,math
SV_2g9phM6XUGuRL93,EE_G25_Q5,25,ee,math
SV_4UZe15Cx3lVuf3L,GEN_G25_Q1,25,gen,math
SV_6VfTQmcoLSzXTOl,GEN_G25_Q10,25,gen,math
SV_1EP1GOCquGWWXe5,GEN_G25_Q11,25,gen,math
SV_3P0YuBJ45tSCSYR,GEN_G25_Q12,25,gen,math
SV_5iEK1u1OTcEbV4x,GEN_G25_Q13,25,gen,math
SV_7UP95JRgiVabKgB,GEN_G25_Q14,25,gen,math
SV_5nZUwbnuuM6vp4x,GEN_G25_Q15,25,gen,math
SV_82i2tpJrdBd39L7,GEN_G25_Q16,25,gen,math
SV_55BJ2hgZQEa3Ib3,GEN_G25_Q17,25,gen,math
SV_0v98jdpUwLtwNb7,GEN_G25_Q18,25,gen,math
SV_8Jvv8TZB0GCur1b,GEN_G25_Q19,25,gen,math
SV_2hJdkm5CXxZqBtH,GEN_G25_Q2,25,gen,math
SV_3xRMEkwEU7qT2yp,GEN_G25_Q20,25,gen,math
SV_9Ge2Fq9ykNO44a9,GEN_G25_Q21,25,gen,math
SV_6xOi156jF64yQXr,GEN_G25_Q22,25,gen,math
SV_bwtaIYZbPNLsCnb,GEN_G25_Q23,25,gen,math
SV_3dvkACIRmQm97YF,GEN_G25_Q24,25,gen,math
SV_6R5bOuSxlrFRU0Z,GEN_G25_Q25,25,gen,math
SV_0ADZfdgB7JsJ5Xf,GEN_G25_Q26,25,gen,math
SV_1HMmDb5ZXJ1SY61,GEN_G25_Q27,25,gen,math
SV_eKYGmWSDrzTFqwR,GEN_G25_Q28,25,gen,math
SV_38n8DJayoeZpXlr,GEN_G25_Q29,25,gen,math
SV_3jGND0EK85dSlDv,GEN_G25_Q3,25,gen,math
SV_38ex7js1WUzisdL,GEN_G25_Q30,25,gen,math
SV_5BHKbGcBFDSHFIN,GEN_G25_Q31,25,gen,math
SV_9mcSvSBJ2XpX9kh,GEN_G25_Q32,25,gen,math
SV_dbcdlHeNFlF9Zxb,GEN_G25_Q33,25,gen,math
SV_7WGQnS03hWuOopD,GEN_G25_Q34,25,gen,math
SV_6zcqg5NnjY9ANPn,GEN_G25_Q35,25,gen,math
SV_0v2NRmOwMBnhVtP,GEN_G25_Q36,25,gen,math
SV_9An3wUNOa2VjbkF,GEN_G25_Q37,25,gen,math
SV_0eMYgLbL0OJ1L6J,GEN_G25_Q38,25,gen,math
SV_bC5WfUgkpQLrT6Z,GEN_G25_Q39,25,gen,math
SV_25WsHAYO8ybqytT,GEN_G25_Q4,25,gen,math
SV_80RQqiAiSCV9RqZ,GEN_G25_Q40,25,gen,math
SV_862jMhD342idJA1,GEN_G25_Q41,25,gen,math
SV_08KfI4eIlTdqaEJ,GEN_G25_Q42,25,gen,math
SV_6VVTJB6wQnMNCKh,GEN_G25_Q43,25,gen,math
SV_bCKTyA8lzVehhI1,GEN_G25_Q44,25,gen,math
SV_bIdRkAINmLWqsgB,GEN_G25_Q45,25,gen,math
SV_0c5t7otCJQjO0x7,GEN_G25_Q46,25,gen,math
SV_9GhaanE1anUY7PL,GEN_G25_Q47,25,gen,math
SV_3UEDi1n0kUoY3jv,GEN_G25_Q48,25,gen,math
SV_2lPtKSLou9tJOAt,GEN_G25_Q49,25,gen,math
SV_cBiIhFINbek586V,GEN_G25_Q5,25,gen,math
SV_cI1XT15WfvcFG5L,GEN_G25_Q50,25,gen,math
SV_01Gd48cQu72XJAh,GEN_G25_Q51,25,gen,math
SV_9SOmJg5lkQBuG5D,GEN_G25_Q52,25,gen,math
SV_bkFoRJsCCbrdcQR,GEN_G25_Q53,25,gen,math
SV_5dr9MyZFvpcSPid,GEN_G25_Q54,25,gen,math
SV_00yfVlnSlV94VNj,GEN_G25_Q55,25,gen,math
SV_5B97hPpcgkxaZ93,GEN_G25_Q6,25,gen,math
SV_b43QTVfvC5q4e9v,GEN_G25_Q7,25,gen,math
SV_czIITFJXppaUaIl,GEN_G25_Q8,25,gen,math
SV_37Mnw7E61uLVmqp,GEN_G25_Q9,25,gen,math
SV_1ZYwSKMbMI8mE3X,GEOM_G25_Q1,25,geom,math
SV_72sFeUnoz4fU2wJ,GEOM_G25_Q2,25,geom,math
SV_9Kva9TRpavXWiBD,GEOM_G25_Q3,25,geom,math
SV_0IfRsra9TCSqrEV,GEOM_G25_Q4,25,geom,math
SV_5tgt3k5yPfU7QPj,GEOM_G25_Q5,25,geom,math
SV_6FLZ2YWjCobUT2t,NS_G25_Q1,25,ns,math
SV_3qPNHMhh7DkuRRb,NS_G25_Q2,25,ns,math
SV_6Gvu6GceezVQUmx,NS_G25_Q3,25,ns,math
SV_3JWd07jAaNVdjU1,NS_G25_Q4,25,ns,math
SV_cSyTHcxCVIxcQK1,NS_G25_Q5,25,ns,math
SV_3CV6UYrjRsemwa9,PRP_G25_Q1,25,pr,math
SV_1AKO7PhRndXkR3D,PRP_G25_Q2,25,pr,math
SV_9YWLnSBS5vQhSPr,PRP_G25_Q3,25,pr,math
SV_9AWxwsmpw29gcbX,PRP_G25_Q4,25,pr,math
SV_3t93zC9L7HoW3MF,PRP_G25_Q5,25,pr,math
SV_a4dDjynoQ1Aruvz,SP_G25_Q1,25,sp,math
SV_1UelX4G6vVlLnaB,SP_G25_Q2,25,sp,math
SV_79YUrDUNO9rxLWl,SP_G25_Q3,25,sp,math
SV_0H4nJQH8oDEQEIt,SP_G25_Q4,25,sp,math
SV_4IOYPAN7wGujx9H,SP_G25_Q5,25,sp,math